Species_name_Stace4,Family
Diphasiastrum alpinum,Lycopodiaceae
Diphasiastrum complanatum,Lycopodiaceae
Huperzia selago,Lycopodiaceae
Lycopodiella inundata,Lycopodiaceae
Lycopodium annotinum,Lycopodiaceae
Lycopodium clavatum,Lycopodiaceae
Lycopodium lagopus,Lycopodiaceae
Selaginella selaginoides,Selaginellaceae
Isoetes echinospora,Isoetaceae
Isoetes histrix,Isoetaceae
Isoetes lacustris,Isoetaceae
Botrychium lunaria,Ophioglossaceae
Ophioglossum azoricum,Ophioglossaceae
Ophioglossum lusitanicum,Ophioglossaceae
Ophioglossum vulgatum,Ophioglossaceae
Equisetum arvense,Equisetaceae
Equisetum fluviatile,Equisetaceae
Equisetum hyemale,Equisetaceae
Equisetum palustre,Equisetaceae
Equisetum pratense,Equisetaceae
Equisetum ramosissimum,Equisetaceae
Equisetum sylvaticum,Equisetaceae
Equisetum telmateia,Equisetaceae
Equisetum variegatum,Equisetaceae
Osmunda regalis,Osmundaceae
Hymenophyllum tunbrigense,Hymenophyllaceae
Hymenophyllum wilsonii,Hymenophyllaceae
Trichomanes speciosum,Hymenophyllaceae
Pilularia globulifera,Marsileaceae
Azolla filiculoides,Salviniaceae
Pteridium aquilinum,Dennstaedtiaceae
Adiantum capillus-veneris,Pteridaceae
Anogramma leptophylla,Pteridaceae
Cryptogramma crispa,Pteridaceae
Cystopteris alpina,Cystopteridaceae
Cystopteris diaphana,Cystopteridaceae
Cystopteris dickieana,Cystopteridaceae
Cystopteris fragilis,Cystopteridaceae
Cystopteris montana,Cystopteridaceae
Gymnocarpium dryopteris,Cystopteridaceae
Gymnocarpium robertianum,Cystopteridaceae
Asplenium adiantum-nigrum,Aspleniaceae
Asplenium ceterach,Aspleniaceae
Asplenium fontanum,Aspleniaceae
Asplenium marinum,Aspleniaceae
Asplenium obovatum,Aspleniaceae
Asplenium ruta-muraria,Aspleniaceae
Asplenium scolopendrium,Aspleniaceae
Asplenium septentrionale,Aspleniaceae
Asplenium trichomanes,Aspleniaceae
Asplenium viride,Aspleniaceae
Oreopteris limbosperma,Thelypteridaceae
Phegopteris connectilis,Thelypteridaceae
Thelypteris palustris,Thelypteridaceae
Athyrium distentifolium,Woodsiaceae
Athyrium filix-femina,Woodsiaceae
Woodsia alpina,Woodsiaceae
Woodsia ilvensis,Woodsiaceae
Blechnum spicant,Blechnaceae
Dryopteris aemula,Dryopteridaceae
Dryopteris affinis,Dryopteridaceae
Dryopteris carthusiana,Dryopteridaceae
Dryopteris cristata,Dryopteridaceae
Dryopteris dilatata,Dryopteridaceae
Dryopteris expansa,Dryopteridaceae
Dryopteris filix-mas,Dryopteridaceae
Dryopteris oreades,Dryopteridaceae
Dryopteris remota,Dryopteridaceae
Dryopteris submontana,Dryopteridaceae
Polystichum aculeatum,Dryopteridaceae
Polystichum lonchitis,Dryopteridaceae
Polystichum setiferum,Dryopteridaceae
Polypodium cambricum,Polypodiaceae
Polypodium interjectum,Polypodiaceae
Polypodium vulgare,Polypodiaceae
Pinus sylvestris,Pinaceae
Pseudotsuga menziesii,Pinaceae
Juniperus communis,Cupressaceae
Taxus baccata,Taxaceae
Cabomba caroliniana,Cabombaceae
Nuphar lutea,Nymphaeaceae
Nuphar pumila,Nymphaeaceae
Nymphaea alba,Nymphaeaceae
Ceratophyllum demersum,Ceratophyllaceae
Ceratophyllum submersum,Ceratophyllaceae
Ceratocapnos claviculata,Papaveraceae
Chelidonium majus,Papaveraceae
Fumaria bastardii,Papaveraceae
Fumaria capreolata,Papaveraceae
Fumaria densiflora,Papaveraceae
Fumaria muralis,Papaveraceae
Fumaria occidentalis,Papaveraceae
Fumaria officinalis,Papaveraceae
Fumaria parviflora,Papaveraceae
Fumaria purpurea,Papaveraceae
Fumaria reuteri,Papaveraceae
Fumaria vaillantii,Papaveraceae
Glaucium flavum,Papaveraceae
Papaver cambricum,Papaveraceae
Papaver dubium,Papaveraceae
Papaver lecoqii,Papaveraceae
Papaver rhoeas,Papaveraceae
Papaver somniferum,Papaveraceae
Roemeria argemone,Papaveraceae
Roemeria hispida,Papaveraceae
Roemeria hybrida,Papaveraceae
Berberis vulgaris,Berberidaceae
Mahonia aquifolium,Berberidaceae
Actaea spicata,Ranunculaceae
Adonis annua,Ranunculaceae
Anemone nemorosa,Ranunculaceae
Aquilegia vulgaris,Ranunculaceae
Caltha palustris,Ranunculaceae
Clematis vitalba,Ranunculaceae
Ficaria verna,Ranunculaceae
Helleborus foetidus,Ranunculaceae
Helleborus viridis,Ranunculaceae
Myosurus minimus,Ranunculaceae
Pulsatilla vulgaris,Ranunculaceae
Ranunculus acris,Ranunculaceae
Ranunculus aquatilis,Ranunculaceae
Ranunculus arvensis,Ranunculaceae
Ranunculus auricomus,Ranunculaceae
Ranunculus baudotii,Ranunculaceae
Ranunculus bulbosus,Ranunculaceae
Ranunculus circinatus,Ranunculaceae
Ranunculus flammula,Ranunculaceae
Ranunculus fluitans,Ranunculaceae
Ranunculus hederaceus,Ranunculaceae
Ranunculus lingua,Ranunculaceae
Ranunculus omiophyllus,Ranunculaceae
Ranunculus ophioglossifolius,Ranunculaceae
Ranunculus paludosus,Ranunculaceae
Ranunculus parviflorus,Ranunculaceae
Ranunculus peltatus,Ranunculaceae
Ranunculus penicillatus,Ranunculaceae
Ranunculus repens,Ranunculaceae
Ranunculus reptans,Ranunculaceae
Ranunculus sardous,Ranunculaceae
Ranunculus sceleratus,Ranunculaceae
Ranunculus trichophyllus,Ranunculaceae
Ranunculus tripartitus,Ranunculaceae
Thalictrum alpinum,Ranunculaceae
Thalictrum flavum,Ranunculaceae
Thalictrum minus,Ranunculaceae
Trollius europaeus,Ranunculaceae
Buxus sempervirens,Buxaceae
Gunnera manicata,Gunneraceae
Gunnera tinctoria,Gunneraceae
Ribes alpinum,Grossulariaceae
Ribes rubrum,Grossulariaceae
Ribes spicatum,Grossulariaceae
Chrysosplenium alternifolium,Saxifragaceae
Chrysosplenium oppositifolium,Saxifragaceae
Micranthes nivalis,Saxifragaceae
Micranthes stellaris,Saxifragaceae
Saxifraga aizoides,Saxifragaceae
Saxifraga cernua,Saxifragaceae
Saxifraga cespitosa,Saxifragaceae
Saxifraga granulata,Saxifragaceae
Saxifraga hirculus,Saxifragaceae
Saxifraga hypnoides,Saxifragaceae
Saxifraga oppositifolia,Saxifragaceae
Saxifraga rivularis,Saxifragaceae
Saxifraga tridactylites,Saxifragaceae
Tolmiea menziesii,Saxifragaceae
Crassula aquatica,Crassulaceae
Crassula helmsii,Crassulaceae
Crassula tillaea,Crassulaceae
Hylotelephium telephium,Crassulaceae
Petrosedum forsterianum,Crassulaceae
Rhodolia rosea,Crassulaceae
Sedum acre,Crassulaceae
Sedum anglicum,Crassulaceae
Sedum villosum,Crassulaceae
Umbilicus rupestris,Crassulaceae
Myriophyllum alterniflorum,Haloragaceae
Myriophyllum aquaticum,Haloragaceae
Myriophyllum spicatum,Haloragaceae
Myriophyllum verticillatum,Haloragaceae
Anthyllis vulneraria,Fabaceae
Astragalus alpinus,Fabaceae
Astragalus danicus,Fabaceae
Astragalus glycyphyllos,Fabaceae
Cytisus scoparius,Fabaceae
Ervilia hirsuta,Fabaceae
Ervilia sylvatica,Fabaceae
Ervum gracile,Fabaceae
Ervum tetraspermum,Fabaceae
Genista anglica,Fabaceae
Genista pilosa,Fabaceae
Genista tinctoria,Fabaceae
Hippocrepis comosa,Fabaceae
Lathyrus aphaca,Fabaceae
Lathyrus japonicus,Fabaceae
Lathyrus linifolius,Fabaceae
Lathyrus nissolia,Fabaceae
Lathyrus palustris,Fabaceae
Lathyrus pratensis,Fabaceae
Lathyrus sylvestris,Fabaceae
Lotus angustissimus,Fabaceae
Lotus corniculatus,Fabaceae
Lotus pedunculatus,Fabaceae
Lotus subbiflorus,Fabaceae
Lotus tenuis,Fabaceae
Lupinus arboreus,Fabaceae
Lupinus nootkatensis,Fabaceae
Medicago arabica,Fabaceae
Medicago lupulina,Fabaceae
Medicago minima,Fabaceae
Medicago polymorpha,Fabaceae
Medicago sativa,Fabaceae
Melilotus altissimus,Fabaceae
Onobrychis viciifolia,Fabaceae
Ononis reclinata,Fabaceae
Ononis repens,Fabaceae
Ononis spinosa,Fabaceae
Ornithopus perpusillus,Fabaceae
Ornithopus pinnatus,Fabaceae
Oxytropis campestris,Fabaceae
Oxytropis halleri,Fabaceae
Robinia pseudoacacia,Fabaceae
Trifolium arvense,Fabaceae
Trifolium bocconei,Fabaceae
Trifolium campestre,Fabaceae
Trifolium dubium,Fabaceae
Trifolium fragiferum,Fabaceae
Trifolium glomeratum,Fabaceae
Trifolium medium,Fabaceae
Trifolium micranthum,Fabaceae
Trifolium occidentale,Fabaceae
Trifolium ochroleucon,Fabaceae
Trifolium ornithopodioides,Fabaceae
Trifolium pratense,Fabaceae
Trifolium repens,Fabaceae
Trifolium scabrum,Fabaceae
Trifolium squamosum,Fabaceae
Trifolium striatum,Fabaceae
Trifolium strictum,Fabaceae
Trifolium subterraneum,Fabaceae
Trifolium suffocatum,Fabaceae
Ulex europaeus,Fabaceae
Ulex gallii,Fabaceae
Ulex minor,Fabaceae
Vicia bithynica,Fabaceae
Vicia cracca,Fabaceae
Vicia lathyroides,Fabaceae
Vicia lutea,Fabaceae
Vicia orobus,Fabaceae
Vicia sativa,Fabaceae
Vicia sepium,Fabaceae
Polygala amarella,Polygalaceae
Polygala calcarea,Polygalaceae
Polygala serpyllifolia,Polygalaceae
Polygala vulgaris,Polygalaceae
Acaena novae-zelandiae,Rosaceae
Agrimonia eupatoria,Rosaceae
Agrimonia procera,Rosaceae
Alchemilla acutiloba,Rosaceae
Alchemilla alpina,Rosaceae
Alchemilla glabra,Rosaceae
Alchemilla glaucescens,Rosaceae
Alchemilla glomerulans,Rosaceae
Alchemilla micans,Rosaceae
Alchemilla minima,Rosaceae
Alchemilla monticola,Rosaceae
Alchemilla subcrenata,Rosaceae
Alchemilla wichurae,Rosaceae
Alchemilla xanthochlora,Rosaceae
Amelanchier lamarckii,Rosaceae
Aphanes arvensis,Rosaceae
Aphanes australis,Rosaceae
Comarum palustre,Rosaceae
Cotoneaster horizontalis,Rosaceae
Cotoneaster integrifolius,Rosaceae
Cotoneaster simonsii,Rosaceae
Crataegus laevigata,Rosaceae
Crataegus monogyna,Rosaceae
Dasiphora fruticosa,Rosaceae
Dryas octopetala,Rosaceae
Filipendula ulmaria,Rosaceae
Filipendula vulgaris,Rosaceae
Fragaria vesca,Rosaceae
Geum rivale,Rosaceae
Geum urbanum,Rosaceae
Malus sylvestris,Rosaceae
Mespilus germanica,Rosaceae
Potentilla anglica,Rosaceae
Potentilla anserina,Rosaceae
Potentilla argentea,Rosaceae
Potentilla crantzii,Rosaceae
Potentilla erecta,Rosaceae
Potentilla reptans,Rosaceae
Potentilla rupestris,Rosaceae
Potentilla sterilis,Rosaceae
Potentilla verna,Rosaceae
Prunus avium,Rosaceae
Prunus cerasus,Rosaceae
Prunus domestica,Rosaceae
Prunus laurocerasus,Rosaceae
Prunus lusitanica,Rosaceae
Prunus padus,Rosaceae
Prunus serotina,Rosaceae
Prunus spinosa,Rosaceae
Pyrus communis,Rosaceae
Pyrus cordata,Rosaceae
Rosa agrestis,Rosaceae
Rosa arvensis,Rosaceae
Rosa canina,Rosaceae
Rosa micrantha,Rosaceae
Rosa mollis,Rosaceae
Rosa rubiginosa,Rosaceae
Rosa rugosa,Rosaceae
Rosa sherardii,Rosaceae
Rosa spinosissima,Rosaceae
Rosa stylosa,Rosaceae
Rosa tomentella,Rosaceae
Rosa tomentosa,Rosaceae
Rubus arcticus,Rosaceae
Rubus caesius,Rosaceae
Rubus chamaemorus,Rosaceae
Rubus fruticosus,Rosaceae
Rubus idaeus,Rosaceae
Rubus saxatilis,Rosaceae
Sanguisorba officinalis,Rosaceae
Sibbaldia procumbens,Rosaceae
Sorbus admonitor,Rosaceae
Sorbus anglica,Rosaceae
Sorbus aria,Rosaceae
Sorbus arranensis,Rosaceae
Sorbus arvonicola,Rosaceae
Sorbus aucuparia,Rosaceae
Sorbus bristoliensis,Rosaceae
Sorbus cambrensis,Rosaceae
Sorbus cheddarensis,Rosaceae
Sorbus cuneifolia,Rosaceae
Sorbus devoniensis,Rosaceae
Sorbus domestica,Rosaceae
Sorbus eminens,Rosaceae
Sorbus eminentiformis,Rosaceae
Sorbus eminentoides,Rosaceae
Sorbus evansii,Rosaceae
Sorbus greenii,Rosaceae
Sorbus herefordensis,Rosaceae
Sorbus lancastriensis,Rosaceae
Sorbus leighensis,Rosaceae
Sorbus leptophylla,Rosaceae
Sorbus leyana,Rosaceae
Sorbus margaretae,Rosaceae
Sorbus minima,Rosaceae
Sorbus parviloba,Rosaceae
Sorbus porrigentiformis,Rosaceae
Sorbus pseudofennica,Rosaceae
Sorbus pseudomeinichii,Rosaceae
Sorbus richii,Rosaceae
Sorbus rupicola,Rosaceae
Sorbus rupicoloides,Rosaceae
Sorbus saxicola,Rosaceae
Sorbus scannelliana,Rosaceae
Sorbus spectans,Rosaceae
Sorbus stenophylla,Rosaceae
Sorbus stirtoniana,Rosaceae
Sorbus subcuneata,Rosaceae
Sorbus torminalis,Rosaceae
Sorbus vexans,Rosaceae
Sorbus whiteana,Rosaceae
Sorbus wilmottiana,Rosaceae
Spiraea douglasii,Rosaceae
Spiraea salicifolia,Rosaceae
Hippophae rhamnoides,Elaeagnaceae
Frangula alnus,Rhamnaceae
Rhamnus cathartica,Rhamnaceae
Ulmus glabra,Ulmaceae
Ulmus minor,Ulmaceae
Ulmus plotii,Ulmaceae
Ulmus procera,Ulmaceae
Humulus lupulus,Cannabaceae
Parietaria judaica,Urticaceae
Urtica dioica,Urticaceae
Urtica urens,Urticaceae
Castanea sativa,Fagaceae
Fagus sylvatica,Fagaceae
Quercus cerris,Fagaceae
Quercus ilex,Fagaceae
Quercus petraea,Fagaceae
Quercus robur,Fagaceae
Myrica gale,Myricaceae
Juglans regia,Juglandaceae
Alnus glutinosa,Betulaceae
Alnus incana,Betulaceae
Betula nana,Betulaceae
Betula pendula,Betulaceae
Betula pubescens,Betulaceae
Carpinus betulus,Betulaceae
Corylus avellana,Betulaceae
Bryonia dioica,Cucurbitaceae
Euonymus europaeus,Celastraceae
Parnassia palustris,Celastraceae
Oxalis acetosella,Oxalidaceae
Hypericum androsaemum,Hypericaceae
Hypericum elodes,Hypericaceae
Hypericum hirsutum,Hypericaceae
Hypericum humifusum,Hypericaceae
Hypericum linariifolium,Hypericaceae
Hypericum maculatum,Hypericaceae
Hypericum montanum,Hypericaceae
Hypericum perforatum,Hypericaceae
Hypericum pulchrum,Hypericaceae
Hypericum tetrapterum,Hypericaceae
Hypericum undulatum,Hypericaceae
Elatine hexandra,Elatinaceae
Elatine hydropiper,Elatinaceae
Viola arvensis,Violaceae
Viola canina,Violaceae
Viola hirta,Violaceae
Viola kitaibeliana,Violaceae
Viola lactea,Violaceae
Viola lutea,Violaceae
Viola odorata,Violaceae
Viola palustris,Violaceae
Viola reichenbachiana,Violaceae
Viola riviniana,Violaceae
Viola rupestris,Violaceae
Viola stagnina,Violaceae
Viola tricolor,Violaceae
Populus tremula,Salicaceae
Salix alba,Salicaceae
Salix arbuscula,Salicaceae
Salix aurita,Salicaceae
Salix caprea,Salicaceae
Salix cinerea,Salicaceae
Salix euxina,Salicaceae
Salix herbacea,Salicaceae
Salix lanata,Salicaceae
Salix lapponum,Salicaceae
Salix myrsinifolia,Salicaceae
Salix myrsinites,Salicaceae
Salix pentandra,Salicaceae
Salix phylicifolia,Salicaceae
Salix purpurea,Salicaceae
Salix repens,Salicaceae
Salix reticulata,Salicaceae
Salix triandra,Salicaceae
Salix viminalis,Salicaceae
Euphorbia amygdaloides,Euphorbiaceae
Euphorbia exigua,Euphorbiaceae
Euphorbia helioscopia,Euphorbiaceae
Euphorbia lathyris,Euphorbiaceae
Euphorbia paralias,Euphorbiaceae
Euphorbia peplis,Euphorbiaceae
Euphorbia peplus,Euphorbiaceae
Euphorbia platyphyllos,Euphorbiaceae
Euphorbia portlandica,Euphorbiaceae
Euphorbia stricta,Euphorbiaceae
Mercurialis annua,Euphorbiaceae
Mercurialis perennis,Euphorbiaceae
Linum bienne,Linaceae
Linum catharticum,Linaceae
Linum perenne,Linaceae
Linum radiola,Linaceae
Erodium aethiopicum,Geraniaceae
Erodium cicutarium,Geraniaceae
Erodium maritimum,Geraniaceae
Erodium moschatum,Geraniaceae
Geranium columbinum,Geraniaceae
Geranium dissectum,Geraniaceae
Geranium lucidum,Geraniaceae
Geranium molle,Geraniaceae
Geranium pratense,Geraniaceae
Geranium purpureum,Geraniaceae
Geranium pusillum,Geraniaceae
Geranium robertianum,Geraniaceae
Geranium rotundifolium,Geraniaceae
Geranium sanguineum,Geraniaceae
Geranium sylvaticum,Geraniaceae
Lythrum hyssopifolia,Lythraceae
Lythrum portula,Lythraceae
Lythrum salicaria,Lythraceae
Chamaenerion angustifolium,Onagraceae
Circaea alpina,Onagraceae
Circaea lutetiana,Onagraceae
Epilobium alsinifolium,Onagraceae
Epilobium anagallidifolium,Onagraceae
Epilobium hirsutum,Onagraceae
Epilobium lanceolatum,Onagraceae
Epilobium montanum,Onagraceae
Epilobium obscurum,Onagraceae
Epilobium palustre,Onagraceae
Epilobium parviflorum,Onagraceae
Epilobium roseum,Onagraceae
Epilobium tetragonum,Onagraceae
Fuchsia magellanica,Onagraceae
Ludwigia grandiflora,Onagraceae
Ludwigia palustris,Onagraceae
Ludwigia peploides,Onagraceae
Acer campestre,Sapindaceae
Acer pseudoplatanus,Sapindaceae
Aesculus hippocastanum,Sapindaceae
Ailanthus altissima,Simaroubaceae
Althaea officinalis,Malvaceae
Malva arborea,Malvaceae
Malva moschata,Malvaceae
Malva neglecta,Malvaceae
Malva sylvestris,Malvaceae
Tilia cordata,Malvaceae
Tilia platyphyllos,Malvaceae
Daphne laureola,Thymelaeaceae
Daphne mezereum,Thymelaeaceae
Helianthemum apenninum,Cistaceae
Helianthemum nummularium,Cistaceae
Helianthemum oelandicum,Cistaceae
Tuberaria guttata,Cistaceae
Reseda lutea,Resedaceae
Reseda luteola,Resedaceae
Alliaria petiolata,Brassicaceae
Arabidopsis petraea,Brassicaceae
Arabidopsis thaliana,Brassicaceae
Arabis alpina,Brassicaceae
Arabis hirsuta,Brassicaceae
Arabis scabra,Brassicaceae
Armoracia rusticana,Brassicaceae
Barbarea vulgaris,Brassicaceae
Brassica nigra,Brassicaceae
Brassica oleracea,Brassicaceae
Brassica rapa,Brassicaceae
Cakile maritima,Brassicaceae
Camelina sativa,Brassicaceae
Capsella bursa-pastoris,Brassicaceae
Cardamine amara,Brassicaceae
Cardamine bulbifera,Brassicaceae
Cardamine flexuosa,Brassicaceae
Cardamine hirsuta,Brassicaceae
Cardamine impatiens,Brassicaceae
Cardamine pratensis,Brassicaceae
Cardamine raphanifolia,Brassicaceae
Cochlearia anglica,Brassicaceae
Cochlearia danica,Brassicaceae
Cochlearia micacea,Brassicaceae
Cochlearia officinalis,Brassicaceae
Cochlearia officinalis,Brassicaceae
Cochlearia pyrenaica,Brassicaceae
Coincya wrightii,Brassicaceae
Crambe maritima,Brassicaceae
Descurainia sophia,Brassicaceae
Diplotaxis tenuifolia,Brassicaceae
Draba aizoides,Brassicaceae
Draba incana,Brassicaceae
Draba norvegica,Brassicaceae
Drabella muralis,Brassicaceae
Erophila glabrescens,Brassicaceae
Erophila majuscula,Brassicaceae
Erophila verna,Brassicaceae
Erysimum cheiranthoides,Brassicaceae
Erysimum cheiri,Brassicaceae
Hornungia petraea,Brassicaceae
Iberis amara,Brassicaceae
Isatis tinctoria,Brassicaceae
Lepidium campestre,Brassicaceae
Lepidium coronopus,Brassicaceae
Lepidium heterophyllum,Brassicaceae
Lepidium latifolium,Brassicaceae
Lepidium ruderale,Brassicaceae
Matthiola sinuata,Brassicaceae
Microthlaspi perfoliatum,Brassicaceae
Nasturtium microphyllum,Brassicaceae
Nasturtium officinale,Brassicaceae
Noccaea caerulescens,Brassicaceae
Rorippa amphibia,Brassicaceae
Rorippa islandica,Brassicaceae
Rorippa palustris,Brassicaceae
Rorippa sylvestris,Brassicaceae
Sinapis alba,Brassicaceae
Sinapis arvensis,Brassicaceae
Sisymbrium officinale,Brassicaceae
Subularia aquatica,Brassicaceae
Teesdalia nudicaulis,Brassicaceae
Thlaspi arvense,Brassicaceae
Thlaspi caerulescens,Brassicaceae
Thlaspi perfoliatum,Brassicaceae
Turritis glabra,Brassicaceae
Thesium humifusum,Santalaceae
Viscum album,Santalaceae
Frankenia laevis,Frankeniaceae
Armeria maritima,Plumbaginaceae
Limonium auriculae-ursifolium,Plumbaginaceae
Limonium bellidifolium,Plumbaginaceae
Limonium binervosum,Plumbaginaceae
Limonium dodartiforme,Plumbaginaceae
Limonium humile,Plumbaginaceae
Limonium loganicum,Plumbaginaceae
Limonium normannicum,Plumbaginaceae
Limonium paradoxum,Plumbaginaceae
Limonium parvum,Plumbaginaceae
Limonium transwallianum,Plumbaginaceae
Limonium vulgare,Plumbaginaceae
Bistorta officinalis,Polygonaceae
Bistorta vivipara,Polygonaceae
Fallopia baldschuanica,Polygonaceae
Fallopia convolvulus,Polygonaceae
Fallopia dumetorum,Polygonaceae
Fallopia japonica,Polygonaceae
Fallopia sachalinensis,Polygonaceae
Koenigia islandica,Polygonaceae
Muehlenbeckia complexa,Polygonaceae
Oxyria digyna,Polygonaceae
Persicaria amphibia,Polygonaceae
Persicaria hydropiper,Polygonaceae
Persicaria lapathifolia,Polygonaceae
Persicaria maculosa,Polygonaceae
Persicaria minor,Polygonaceae
Persicaria mitis,Polygonaceae
Persicaria wallichii,Polygonaceae
Polygonum aviculare,Polygonaceae
Polygonum boreale,Polygonaceae
Polygonum depressum,Polygonaceae
Polygonum maritimum,Polygonaceae
Polygonum oxyspermum,Polygonaceae
Polygonum rurivagum,Polygonaceae
Rumex acetosa,Polygonaceae
Rumex acetosella,Polygonaceae
Rumex alpinus,Polygonaceae
Rumex aquaticus,Polygonaceae
Rumex conglomeratus,Polygonaceae
Rumex crispus,Polygonaceae
Rumex hydrolapathum,Polygonaceae
Rumex longifolius,Polygonaceae
Rumex maritimus,Polygonaceae
Rumex obtusifolius,Polygonaceae
Rumex palustris,Polygonaceae
Rumex pulcher,Polygonaceae
Rumex rupestris,Polygonaceae
Rumex sanguineus,Polygonaceae
Drosera anglica,Droseraceae
Drosera intermedia,Droseraceae
Drosera rotundifolia,Droseraceae
Agrostemma githago,Caryophyllaceae
Arenaria ciliata,Caryophyllaceae
Arenaria leptoclados,Caryophyllaceae
Arenaria serpyllifolia,Caryophyllaceae
Cerastium alpinum,Caryophyllaceae
Cerastium arvense,Caryophyllaceae
Cerastium cerastoides,Caryophyllaceae
Cerastium diffusum,Caryophyllaceae
Cerastium fontanum,Caryophyllaceae
Cerastium glomeratum,Caryophyllaceae
Cerastium nigrescens,Caryophyllaceae
Cerastium pumilum,Caryophyllaceae
Cerastium semidecandrum,Caryophyllaceae
Cherleria sedoides,Caryophyllaceae
Corrigiola litoralis,Caryophyllaceae
Dianthus armeria,Caryophyllaceae
Dianthus deltoides,Caryophyllaceae
Dianthus gratianopolitanus,Caryophyllaceae
Herniaria ciliolata,Caryophyllaceae
Herniaria glabra,Caryophyllaceae
Honckenya peploides,Caryophyllaceae
Illecebrum verticillatum,Caryophyllaceae
Minuartia recurva,Caryophyllaceae
Moehringia trinervia,Caryophyllaceae
Moenchia erecta,Caryophyllaceae
Petrorhagia nanteuilii,Caryophyllaceae
Petrorhagia prolifera,Caryophyllaceae
Polycarpon tetraphyllum,Caryophyllaceae
Sabulina rubella,Caryophyllaceae
Sabulina stricta,Caryophyllaceae
Sabulina tenuifolia,Caryophyllaceae
Sabulina verna,Caryophyllaceae
Sagina apetala,Caryophyllaceae
Sagina filicaulis,Caryophyllaceae
Sagina maritima,Caryophyllaceae
Sagina nivalis,Caryophyllaceae
Sagina nodosa,Caryophyllaceae
Sagina procumbens,Caryophyllaceae
Sagina saginoides,Caryophyllaceae
Sagina subulata,Caryophyllaceae
Saponaria officinalis,Caryophyllaceae
Scleranthus annuus,Caryophyllaceae
Silene acaulis,Caryophyllaceae
Silene conica,Caryophyllaceae
Silene dioica,Caryophyllaceae
Silene flos-cuculi,Caryophyllaceae
Silene gallica,Caryophyllaceae
Silene latifolia,Caryophyllaceae
Silene noctiflora,Caryophyllaceae
Silene nutans,Caryophyllaceae
Silene otites,Caryophyllaceae
Silene suecica,Caryophyllaceae
Silene uniflora,Caryophyllaceae
Silene viscaria,Caryophyllaceae
Silene vulgaris,Caryophyllaceae
Spergularia marina,Caryophyllaceae
Spergularia media,Caryophyllaceae
Spergularia rubra,Caryophyllaceae
Spergularia rupicola,Caryophyllaceae
Stellaria alsine,Caryophyllaceae
Stellaria aquatica,Caryophyllaceae
Stellaria graminea,Caryophyllaceae
Stellaria holostea,Caryophyllaceae
Stellaria media,Caryophyllaceae
Stellaria neglecta,Caryophyllaceae
Stellaria nemorum,Caryophyllaceae
Stellaria pallida,Caryophyllaceae
Stellaria palustris,Caryophyllaceae
Stellaria uliginosa,Caryophyllaceae
Atriplex glabriuscula,Amaranthaceae
Atriplex laciniata,Amaranthaceae
Atriplex littoralis,Amaranthaceae
Atriplex longipes,Amaranthaceae
Atriplex patula,Amaranthaceae
Atriplex pedunculata,Amaranthaceae
Atriplex portulacoides,Amaranthaceae
Atriplex praecox,Amaranthaceae
Atriplex prostrata,Amaranthaceae
Blitum bonus-henricus,Amaranthaceae
Chenopodiastrum hybridum,Amaranthaceae
Chenopodiastrum murale,Amaranthaceae
Chenopodium album,Amaranthaceae
Chenopodium ficifolium,Amaranthaceae
Chenopodium vulvaria,Amaranthaceae
Lipandra polysperma,Amaranthaceae
Oxybasis chenopodioides,Amaranthaceae
Oxybasis glauca,Amaranthaceae
Oxybasis rubra,Amaranthaceae
Oxybasis urbica,Amaranthaceae
Salicornia agg,Amaranthaceae
Salicornia disarticulata,Amaranthaceae
Salicornia dolichostachya,Amaranthaceae
Salicornia emerici,Amaranthaceae
Salicornia europaea,Amaranthaceae
Salicornia fragilis,Amaranthaceae
Salicornia nitens,Amaranthaceae
Salicornia obscura,Amaranthaceae
Salicornia ramosissima,Amaranthaceae
Sarcocornia perennis,Amaranthaceae
Suaeda maritima,Amaranthaceae
Suaeda vera,Amaranthaceae
Carpobrotus edulis,Aizoaceae
Disphyma crassifolium,Aizoaceae
Claytonia perfoliata,Montiaceae
Claytonia sibirica,Montiaceae
Montia fontana,Montiaceae
Cornus sanguinea,Cornaceae
Cornus sericea,Cornaceae
Cornus suecica,Cornaceae
Impatiens glandulifera,Balsaminaceae
Impatiens noli-tangere,Balsaminaceae
Polemonium caeruleum,Polemoniaceae
Hottonia palustris,Primulaceae
Lysimachia arvensis,Primulaceae
Lysimachia europaea,Primulaceae
Lysimachia maritima,Primulaceae
Lysimachia minima,Primulaceae
Lysimachia nemorum,Primulaceae
Lysimachia nummularia,Primulaceae
Lysimachia tenella,Primulaceae
Lysimachia thyrsiflora,Primulaceae
Lysimachia vulgaris,Primulaceae
Primula elatior,Primulaceae
Primula farinosa,Primulaceae
Primula scotica,Primulaceae
Primula veris,Primulaceae
Primula vulgaris,Primulaceae
Samolus valerandi,Primulaceae
Diapensia lapponica,Diapensiaceae
Sarracenia purpurea,Sarraceniaceae
Andromeda polifolia,Ericaceae
Arctostaphylos alpinus,Ericaceae
Arctostaphylos uva-ursi,Ericaceae
Calluna vulgaris,Ericaceae
Empetrum nigrum,Ericaceae
Erica ciliaris,Ericaceae
Erica cinerea,Ericaceae
Erica tetralix,Ericaceae
Erica vagans,Ericaceae
Gaultheria shallon,Ericaceae
Hypopitys monotropa,Ericaceae
Kalmia procumbens,Ericaceae
Loiseleuria procumbens,Ericaceae
Moneses uniflora,Ericaceae
Monotropa hypopitys,Ericaceae
Orthilia secunda,Ericaceae
Phyllodoce caerulea,Ericaceae
Pyrola media,Ericaceae
Pyrola minor,Ericaceae
Rhododendron ponticum,Ericaceae
Vaccinium microcarpum,Ericaceae
Vaccinium myrtillus,Ericaceae
Vaccinium oxycoccos,Ericaceae
Vaccinium uliginosum,Ericaceae
Vaccinium vitis-idaea,Ericaceae
Asperula cynanchica,Rubiaceae
Cruciata laevipes,Rubiaceae
Galium album,Rubiaceae
Galium aparine,Rubiaceae
Galium boreale,Rubiaceae
Galium constrictum,Rubiaceae
Galium odoratum,Rubiaceae
Galium palustre,Rubiaceae
Galium parisiense,Rubiaceae
Galium pumilum,Rubiaceae
Galium saxatile,Rubiaceae
Galium sterneri,Rubiaceae
Galium tricornutum,Rubiaceae
Galium uliginosum,Rubiaceae
Galium verum,Rubiaceae
Rubia peregrina,Rubiaceae
Sherardia arvensis,Rubiaceae
Blackstonia perfoliata,Gentianaceae
Centaurium erythraea,Gentianaceae
Centaurium littorale,Gentianaceae
Centaurium portense,Gentianaceae
Centaurium pulchellum,Gentianaceae
Centaurium tenuiflorum,Gentianaceae
Cicendia filiformis,Gentianaceae
Exaculum pusillum,Gentianaceae
Gentiana nivalis,Gentianaceae
Gentiana pneumonanthe,Gentianaceae
Gentiana verna,Gentianaceae
Gentianella amarella,Gentianaceae
Gentianella anglica,Gentianaceae
Gentianella campestris,Gentianaceae
Gentianella germanica,Gentianaceae
Gentianopsis ciliata,Gentianaceae
Vinca minor,Apocynaceae
Aegonychon purpureocaeruleum,Boraginaceae
Buglossoides arvensis,Boraginaceae
Cynoglossum germanicum,Boraginaceae
Cynoglossum officinale,Boraginaceae
Echium plantagineum,Boraginaceae
Echium vulgare,Boraginaceae
Lithospermum officinale,Boraginaceae
Mertensia maritima,Boraginaceae
Myosotis alpestris,Boraginaceae
Myosotis arvensis,Boraginaceae
Myosotis discolor,Boraginaceae
Myosotis laxa,Boraginaceae
Myosotis ramosissima,Boraginaceae
Myosotis scorpioides,Boraginaceae
Myosotis secunda,Boraginaceae
Myosotis sicula,Boraginaceae
Myosotis stolonifera,Boraginaceae
Myosotis sylvatica,Boraginaceae
Pentaglottis sempervirens,Boraginaceae
Pulmonaria longifolia,Boraginaceae
Pulmonaria obscura,Boraginaceae
Symphytum officinale,Boraginaceae
Calystegia sepium,Convolvulaceae
Calystegia soldanella,Convolvulaceae
Convolvulus arvensis,Convolvulaceae
Cuscuta epithymum,Convolvulaceae
Cuscuta europaea,Convolvulaceae
Atropa belladonna,Solanaceae
Hyoscyamus niger,Solanaceae
Solanum dulcamara,Solanaceae
Solanum nigrum,Solanaceae
Fraxinus excelsior,Oleaceae
Ligustrum vulgare,Oleaceae
Callitriche brutia,Plantaginaceae
Callitriche hermaphroditica,Plantaginaceae
Callitriche obtusangula,Plantaginaceae
Callitriche palustris,Plantaginaceae
Callitriche platycarpa,Plantaginaceae
Callitriche stagnalis,Plantaginaceae
Callitriche truncata,Plantaginaceae
Chaenorhinum minus,Plantaginaceae
Digitalis purpurea,Plantaginaceae
Hippuris vulgaris,Plantaginaceae
Kickxia elatine,Plantaginaceae
Kickxia spuria,Plantaginaceae
Linaria repens,Plantaginaceae
Linaria vulgaris,Plantaginaceae
Littorella uniflora,Plantaginaceae
Misopates orontium,Plantaginaceae
Plantago coronopus,Plantaginaceae
Plantago lanceolata,Plantaginaceae
Plantago major,Plantaginaceae
Plantago maritima,Plantaginaceae
Plantago media,Plantaginaceae
Sibthorpia europaea,Plantaginaceae
Veronica agrestis,Plantaginaceae
Veronica alpina,Plantaginaceae
Veronica anagallis-aquatica,Plantaginaceae
Veronica arvensis,Plantaginaceae
Veronica beccabunga,Plantaginaceae
Veronica catenata,Plantaginaceae
Veronica chamaedrys,Plantaginaceae
Veronica fruticans,Plantaginaceae
Veronica hederifolia,Plantaginaceae
Veronica montana,Plantaginaceae
Veronica officinalis,Plantaginaceae
Veronica scutellata,Plantaginaceae
Veronica serpyllifolia,Plantaginaceae
Veronica spicata,Plantaginaceae
Veronica triphyllos,Plantaginaceae
Veronica verna,Plantaginaceae
Buddleja davidii,Scrophulariaceae
Limosella aquatica,Scrophulariaceae
Limosella australis,Scrophulariaceae
Scrophularia auriculata,Scrophulariaceae
Scrophularia nodosa,Scrophulariaceae
Scrophularia umbrosa,Scrophulariaceae
Verbascum lychnitis,Scrophulariaceae
Verbascum nigrum,Scrophulariaceae
Verbascum pulverulentum,Scrophulariaceae
Verbascum thapsus,Scrophulariaceae
Pinguicula alpina,Lentibulariaceae
Pinguicula lusitanica,Lentibulariaceae
Pinguicula vulgaris,Lentibulariaceae
Utricularia australis,Lentibulariaceae
Utricularia bremii,Lentibulariaceae
Utricularia intermedia,Lentibulariaceae
Utricularia minor,Lentibulariaceae
Utricularia ochroleuca,Lentibulariaceae
Utricularia stygia,Lentibulariaceae
Utricularia vulgaris,Lentibulariaceae
Verbena officinalis,Verbenaceae
Ajuga chamaepitys,Lamiaceae
Ajuga pyramidalis,Lamiaceae
Ajuga reptans,Lamiaceae
Ballota nigra,Lamiaceae
Betonica officinalis,Lamiaceae
Clinopodium acinos,Lamiaceae
Clinopodium ascendens,Lamiaceae
Clinopodium menthifolium,Lamiaceae
Clinopodium nepeta,Lamiaceae
Clinopodium vulgare,Lamiaceae
Galeopsis angustifolia,Lamiaceae
Galeopsis bifida,Lamiaceae
Galeopsis segetum,Lamiaceae
Galeopsis speciosa,Lamiaceae
Galeopsis tetrahit,Lamiaceae
Glechoma hederacea,Lamiaceae
Lamiastrum galeobdolon subsp. argentatum,Lamiaceae
Lamium album,Lamiaceae
Lamium amplexicaule,Lamiaceae
Lamium confertum,Lamiaceae
Lamium hybridum,Lamiaceae
Lamium purpureum,Lamiaceae
Lycopus europaeus,Lamiaceae
Marrubium vulgare,Lamiaceae
Melittis melissophyllum,Lamiaceae
Mentha aquatica,Lamiaceae
Mentha arvensis,Lamiaceae
Mentha pulegium,Lamiaceae
Mentha spicata,Lamiaceae
Mentha suaveolens,Lamiaceae
Nepeta cataria,Lamiaceae
Origanum vulgare,Lamiaceae
Prunella vulgaris,Lamiaceae
Salvia pratensis,Lamiaceae
Salvia verbenaca,Lamiaceae
Scutellaria galericulata,Lamiaceae
Scutellaria minor,Lamiaceae
Stachys arvensis,Lamiaceae
Stachys germanica,Lamiaceae
Stachys officinalis,Lamiaceae
Stachys palustris,Lamiaceae
Stachys sylvatica,Lamiaceae
Teucrium chamaedrys,Lamiaceae
Teucrium scordium,Lamiaceae
Teucrium scorodonia,Lamiaceae
Thymus drucei,Lamiaceae
Thymus pulegioides,Lamiaceae
Thymus serpyllum,Lamiaceae
Erythranthe peregrinus,Phrymaceae
Mimulus guttatus,Phrymaceae
Mimulus peregrinus,Phrymaceae
Bartsia alpina,Orobanchaceae
Euphrasia anglica,Orobanchaceae
Euphrasia arctica,Orobanchaceae
Euphrasia cambrica,Orobanchaceae
Euphrasia campbelliae,Orobanchaceae
Euphrasia confusa,Orobanchaceae
Euphrasia foulaensis,Orobanchaceae
Euphrasia frigida,Orobanchaceae
Euphrasia heslop-harrisonii,Orobanchaceae
Euphrasia marshallii,Orobanchaceae
Euphrasia micrantha,Orobanchaceae
Euphrasia nemorosa,Orobanchaceae
Euphrasia officinalis,Orobanchaceae
Euphrasia ostenfeldii,Orobanchaceae
Euphrasia pseudokerneri,Orobanchaceae
Euphrasia rivularis,Orobanchaceae
Euphrasia rotundifolia,Orobanchaceae
Euphrasia salisburgensis,Orobanchaceae
Euphrasia scottica,Orobanchaceae
Euphrasia tetraquetra,Orobanchaceae
Euphrasia vigursii,Orobanchaceae
Lathraea squamaria,Orobanchaceae
Melampyrum cristatum,Orobanchaceae
Melampyrum pratense,Orobanchaceae
Melampyrum sylvaticum,Orobanchaceae
Odontites vernus,Orobanchaceae
Orobanche alba,Orobanchaceae
Orobanche artemisiae-campestris,Orobanchaceae
Orobanche caryophyllacea,Orobanchaceae
Orobanche elatior,Orobanchaceae
Orobanche hederae,Orobanchaceae
Orobanche minor,Orobanchaceae
Orobanche picridis,Orobanchaceae
Orobanche rapum-genistae,Orobanchaceae
Orobanche reticulata,Orobanchaceae
Parentucellia viscosa,Orobanchaceae
Pedicularis palustris,Orobanchaceae
Pedicularis sylvatica,Orobanchaceae
Phelipanche purpurea,Orobanchaceae
Rhinanthus minor,Orobanchaceae
Ilex aquifolium,Aquifoliaceae
Campanula glomerata,Campanulaceae
Campanula latifolia,Campanulaceae
Campanula patula,Campanulaceae
Campanula rapunculus,Campanulaceae
Campanula rotundifolia,Campanulaceae
Campanula trachelium,Campanulaceae
Jasione montana,Campanulaceae
Legousia hybrida,Campanulaceae
Lobelia dortmanna,Campanulaceae
Lobelia urens,Campanulaceae
Phyteuma orbiculare,Campanulaceae
Phyteuma spicatum,Campanulaceae
Wahlenbergia hederacea,Campanulaceae
Menyanthes trifoliata,Menyanthaceae
Nymphoides peltata,Menyanthaceae
Achillea maritima,Asteraceae
Achillea millefolium,Asteraceae
Achillea ptarmica,Asteraceae
Antennaria dioica,Asteraceae
Anthemis arvensis,Asteraceae
Anthemis cotula,Asteraceae
Arctium lappa,Asteraceae
Arctium minus,Asteraceae
Arnoseris minima,Asteraceae
Artemisia absinthium,Asteraceae
Artemisia campestris,Asteraceae
Artemisia maritima,Asteraceae
Artemisia norvegica,Asteraceae
Artemisia vulgaris,Asteraceae
Aster lanceolatus,Asteraceae
Bellis perennis,Asteraceae
Bidens cernua,Asteraceae
Bidens tripartita,Asteraceae
Calendula officinalis,Asteraceae
Carduus crispus,Asteraceae
Carduus nutans,Asteraceae
Carduus tenuiflorus,Asteraceae
Carlina vulgaris,Asteraceae
Centaurea calcitrapa,Asteraceae
Centaurea cyanus,Asteraceae
Centaurea nigra,Asteraceae
Centaurea scabiosa,Asteraceae
Chamaemelum nobile,Asteraceae
Cicerbita alpina,Asteraceae
Cichorium intybus,Asteraceae
Cirsium acaule,Asteraceae
Cirsium arvense,Asteraceae
Cirsium dissectum,Asteraceae
Cirsium eriophorum,Asteraceae
Cirsium heterophyllum,Asteraceae
Cirsium palustre,Asteraceae
Cirsium tuberosum,Asteraceae
Cirsium vulgare,Asteraceae
Crepis biennis,Asteraceae
Crepis capillaris,Asteraceae
Crepis foetida,Asteraceae
Crepis mollis,Asteraceae
Crepis paludosa,Asteraceae
Crepis praemorsa,Asteraceae
Erigeron acris,Asteraceae
Erigeron borealis,Asteraceae
Eupatorium cannabinum,Asteraceae
Filago germanica,Asteraceae
Filago lutescens,Asteraceae
Filago pyramidata,Asteraceae
Galatella linosyris,Asteraceae
Glebionis segetum,Asteraceae
Gnaphalium uliginosum,Asteraceae
Helminthotheca echioides,Asteraceae
Hieracium agg,Asteraceae
Homogyne alpina,Asteraceae
Hypochaeris glabra,Asteraceae
Hypochaeris maculata,Asteraceae
Hypochaeris radicata,Asteraceae
Inula conyzae,Asteraceae
Inula helenium,Asteraceae
Inula salicina,Asteraceae
Jacobaea aquatica,Asteraceae
Jacobaea erucifolia,Asteraceae
Jacobaea paludosa,Asteraceae
Jacobaea vulgaris,Asteraceae
Lactuca saligna,Asteraceae
Lactuca serriola,Asteraceae
Lactuca virosa,Asteraceae
Lapsana communis,Asteraceae
Leontodon hispidus,Asteraceae
Leontodon saxatilis,Asteraceae
Leucanthemum vulgare,Asteraceae
Limbarda crithmoides,Asteraceae
Logfia gallica,Asteraceae
Logfia minima,Asteraceae
Matricaria chamomilla,Asteraceae
Mycelis muralis,Asteraceae
Omalotheca norvegica,Asteraceae
Omalotheca supina,Asteraceae
Omalotheca sylvatica,Asteraceae
Onopordum acanthium,Asteraceae
Petasites albus,Asteraceae
Petasites fragrans,Asteraceae
Petasites hybridus,Asteraceae
Petasites japonicus,Asteraceae
Picris hieracioides,Asteraceae
Pilosella officinarum,Asteraceae
Pilosella peleteriana,Asteraceae
Pulicaria dysenterica,Asteraceae
Pulicaria vulgaris,Asteraceae
Saussurea alpina,Asteraceae
Scorzonera humilis,Asteraceae
Scorzoneroides autumnalis,Asteraceae
Senecio cambrensis,Asteraceae
Senecio eboracensis,Asteraceae
Senecio sylvaticus,Asteraceae
Senecio vulgaris,Asteraceae
Serratula tinctoria,Asteraceae
Silybum marianum,Asteraceae
Solidago virgaurea,Asteraceae
Sonchus arvensis,Asteraceae
Sonchus asper,Asteraceae
Sonchus oleraceus,Asteraceae
Sonchus palustris,Asteraceae
Tanacetum parthenium,Asteraceae
Tanacetum vulgare,Asteraceae
Taraxacum agg,Asteraceae
Tephroseris palustris,Asteraceae
Tragopogon pratensis,Asteraceae
Tripleurospermum inodorum,Asteraceae
Tripleurospermum maritimum,Asteraceae
Tripleurospermum maritimum,Asteraceae
Tripolium pannonicum,Asteraceae
Tussilago farfara,Asteraceae
Adoxa moschatellina,Adoxaceae
Sambucus ebulus,Adoxaceae
Sambucus nigra,Adoxaceae
Viburnum lantana,Adoxaceae
Viburnum opulus,Adoxaceae
Dipsacus fullonum,Caprifoliaceae
Dipsacus pilosus,Caprifoliaceae
Knautia arvensis,Caprifoliaceae
Linnaea borealis,Caprifoliaceae
Lonicera periclymenum,Caprifoliaceae
Scabiosa columbaria,Caprifoliaceae
Succisa pratensis,Caprifoliaceae
Valeriana dioica,Caprifoliaceae
Valeriana officinalis,Caprifoliaceae
Valerianella carinata,Caprifoliaceae
Valerianella dentata,Caprifoliaceae
Valerianella eriocarpa,Caprifoliaceae
Valerianella locusta,Caprifoliaceae
Valerianella rimosa,Caprifoliaceae
Hedera helix,Araliaceae
Hedera hibernica,Araliaceae
Hydrocotyle ranunculoides,Araliaceae
Hydrocotyle vulgaris,Araliaceae
Aegopodium podagraria,Apiaceae
Aethusa cynapium,Apiaceae
Angelica archangelica,Apiaceae
Angelica sylvestris,Apiaceae
Anthriscus caucalis,Apiaceae
Anthriscus sylvestris,Apiaceae
Apium graveolens,Apiaceae
Berula erecta,Apiaceae
Bunium bulbocastanum,Apiaceae
Bupleurum baldense,Apiaceae
Bupleurum rotundifolium,Apiaceae
Bupleurum tenuissimum,Apiaceae
Carum carvi,Apiaceae
Caucalis platycarpos,Apiaceae
Chaerophyllum temulum,Apiaceae
Cicuta virosa,Apiaceae
Conium maculatum,Apiaceae
Conopodium majus,Apiaceae
Crithmum maritimum,Apiaceae
Daucus carota,Apiaceae
Eryngium campestre,Apiaceae
Eryngium maritimum,Apiaceae
Foeniculum vulgare,Apiaceae
Helosciadium inundatum,Apiaceae
Helosciadium nodiflorum,Apiaceae
Helosciadium repens,Apiaceae
Heracleum mantegazzianum,Apiaceae
Heracleum sphondylium,Apiaceae
Imperatoria ostruthium,Apiaceae
Ligusticum scoticum,Apiaceae
Meum athamanticum,Apiaceae
Oenanthe aquatica,Apiaceae
Oenanthe crocata,Apiaceae
Oenanthe fistulosa,Apiaceae
Oenanthe fluviatilis,Apiaceae
Oenanthe lachenalii,Apiaceae
Oenanthe pimpinelloides,Apiaceae
Oenanthe silaifolia,Apiaceae
Pastinaca sativa,Apiaceae
Petroselinum crispum,Apiaceae
Peucedanum officinale,Apiaceae
Peucedanum ostruthium,Apiaceae
Physospermum cornubiense,Apiaceae
Pimpinella major,Apiaceae
Pimpinella saxifraga,Apiaceae
Sanicula europaea,Apiaceae
Scandix pecten-veneris,Apiaceae
Selinum carvifolia,Apiaceae
Seseli libanotis,Apiaceae
Silaum silaus,Apiaceae
Sison amomum,Apiaceae
Sison segetum,Apiaceae
Sium latifolium,Apiaceae
Smyrnium olusatrum,Apiaceae
Thysselinum palustre,Apiaceae
Torilis arvensis,Apiaceae
Torilis japonica,Apiaceae
Torilis nodosa,Apiaceae
Trinia glauca,Apiaceae
Trocdaris verticillata,Apiaceae
Arum italicum,Araceae
Arum maculatum,Araceae
Lemna gibba,Araceae
Lemna minor,Araceae
Lemna minuta,Araceae
Lemna trisulca,Araceae
Lemna turionifera,Araceae
Lysichiton americanus,Araceae
Spirodela polyrhiza,Araceae
Spirodela polyrhiza,Araceae
Wolffia arrhiza,Araceae
Tofieldia pusilla,Tofieldiaceae
Alisma gramineum,Alismataceae
Alisma lanceolatum,Alismataceae
Alisma plantago-aquatica,Alismataceae
Baldellia ranunculoides,Alismataceae
Damasonium alisma,Alismataceae
Luronium natans,Alismataceae
Sagittaria latifolia,Alismataceae
Sagittaria sagittifolia,Alismataceae
Butomus umbellatus,Butomaceae
Egeria densa,Hydrocharitaceae
Elodea nuttallii,Hydrocharitaceae
Hydrilla verticillata,Hydrocharitaceae
Hydrocharis morsus-ranae,Hydrocharitaceae
Lagarosiphon major,Hydrocharitaceae
Najas flexilis,Hydrocharitaceae
Najas marina,Hydrocharitaceae
Stratiotes aloides,Hydrocharitaceae
Scheuchzeria palustris,Scheuchzeriaceae
Aponogeton distachyos,Aponogetonaceae
Triglochin maritima,Juncaginaceae
Triglochin palustris,Juncaginaceae
Zostera angustifolia,Zosteraceae
Zostera marina,Zosteraceae
Zostera noltei,Zosteraceae
Groenlandia densa,Potamogetonaceae
Potamogeton acutifolius,Potamogetonaceae
Potamogeton alpinus,Potamogetonaceae
Potamogeton berchtoldii,Potamogetonaceae
Potamogeton coloratus,Potamogetonaceae
Potamogeton compressus,Potamogetonaceae
Potamogeton crispus,Potamogetonaceae
Potamogeton epihydrus,Potamogetonaceae
Potamogeton friesii,Potamogetonaceae
Potamogeton gramineus,Potamogetonaceae
Potamogeton lucens,Potamogetonaceae
Potamogeton natans,Potamogetonaceae
Potamogeton nodosus,Potamogetonaceae
Potamogeton obtusifolius,Potamogetonaceae
Potamogeton perfoliatus,Potamogetonaceae
Potamogeton polygonifolius,Potamogetonaceae
Potamogeton praelongus,Potamogetonaceae
Potamogeton pusillus,Potamogetonaceae
Potamogeton rutilus,Potamogetonaceae
Potamogeton trichoides,Potamogetonaceae
Stuckenia filiformis,Potamogetonaceae
Stuckenia pectinata,Potamogetonaceae
Zannichellia obtusifolia,Potamogetonaceae
Zannichellia palustris,Potamogetonaceae
Ruppia maritima,Ruppiaceae
Ruppia spiralis,Ruppiaceae
Narthecium ossifragum,Nartheciaceae
Tamus communis,Dioscoreaceae
Paris quadrifolia,Melanthiaceae
Colchicum autumnale,Colchicaceae
Gagea bohemica,Liliaceae
Gagea lutea,Liliaceae
Gagea serotina,Liliaceae
Anacamptis morio,Orchidaceae
Anacamptis pyramidalis,Orchidaceae
Cephalanthera damasonium,Orchidaceae
Cephalanthera longifolia,Orchidaceae
Cephalanthera rubra,Orchidaceae
Coeloglossum viride,Orchidaceae
Corallorhiza trifida,Orchidaceae
Cypripedium calceolus,Orchidaceae
Dactylorhiza fuchsii,Orchidaceae
Dactylorhiza incarnata,Orchidaceae
Dactylorhiza kerryensis,Orchidaceae
Dactylorhiza maculata,Orchidaceae
Dactylorhiza praetermissa,Orchidaceae
Dactylorhiza purpurella,Orchidaceae
Dactylorhiza traunsteinerioides,Orchidaceae
Epipactis atrorubens,Orchidaceae
Epipactis dunensis,Orchidaceae
Epipactis helleborine,Orchidaceae
Epipactis leptochila,Orchidaceae
Epipactis palustris,Orchidaceae
Epipactis phyllanthes,Orchidaceae
Epipactis purpurata,Orchidaceae
Epipactis sancta,Orchidaceae
Epipogium aphyllum,Orchidaceae
Goodyera repens,Orchidaceae
Gymnadenia borealis,Orchidaceae
Gymnadenia conopsea,Orchidaceae
Gymnadenia densiflora,Orchidaceae
Hammarbya paludosa,Orchidaceae
Herminium monorchis,Orchidaceae
Himantoglossum hircinum,Orchidaceae
Liparis loeselii,Orchidaceae
Neotinea maculata,Orchidaceae
Neotinea ustulata,Orchidaceae
Neottia cordata,Orchidaceae
Neottia nidus-avis,Orchidaceae
Neottia ovata,Orchidaceae
Ophrys apifera,Orchidaceae
Ophrys fuciflora,Orchidaceae
Ophrys insectifera,Orchidaceae
Ophrys sphegodes,Orchidaceae
Orchis anthropophora,Orchidaceae
Orchis anthropophora,Orchidaceae
Orchis mascula,Orchidaceae
Orchis militaris,Orchidaceae
Orchis purpurea,Orchidaceae
Orchis simia,Orchidaceae
Platanthera bifolia,Orchidaceae
Platanthera chlorantha,Orchidaceae
Pseudorchis albida,Orchidaceae
Serapias parviflora,Orchidaceae
Spiranthes aestivalis,Orchidaceae
Spiranthes romanzoffiana,Orchidaceae
Spiranthes spiralis,Orchidaceae
Crocosmia pottsii x aurea = C. x crocosmiiflora,Iridaceae
Gladiolus illyricus,Iridaceae
Iris foetidissima,Iridaceae
Iris pseudacorus,Iridaceae
Romulea columnae,Iridaceae
Allium ampeloprasum,Amaryllidaceae
Allium oleraceum,Amaryllidaceae
Allium paradoxum,Amaryllidaceae
Allium schoenoprasum,Amaryllidaceae
Allium scorodoprasum,Amaryllidaceae
Allium sphaerocephalon,Amaryllidaceae
Allium triquetrum,Amaryllidaceae
Allium ursinum,Amaryllidaceae
Allium vineale,Amaryllidaceae
Narcissus pseudonarcissus,Amaryllidaceae
Asparagus prostratus,Asparagaceae
Convallaria majalis,Asparagaceae
Hyacinthoides hispanica,Asparagaceae
Hyacinthoides non-scripta,Asparagaceae
Maianthemum bifolium,Asparagaceae
Ornithogalum pyrenaicum,Asparagaceae
Polygonatum multiflorum,Asparagaceae
Polygonatum odoratum,Asparagaceae
Polygonatum verticillatum,Asparagaceae
Ruscus aculeatus,Asparagaceae
Scilla autumnalis,Asparagaceae
Scilla verna,Asparagaceae
Pontederia cordata,Pontederiaceae
Sparganium angustifolium,Typhaceae
Sparganium emersum,Typhaceae
Sparganium erectum,Typhaceae
Sparganium natans,Typhaceae
Typha angustifolia,Typhaceae
Typha latifolia,Typhaceae
Eriocaulon aquaticum,Eriocaulaceae
Juncus acutiflorus,Juncaceae
Juncus acutus,Juncaceae
Juncus alpinoarticulatus,Juncaceae
Juncus articulatus,Juncaceae
Juncus balticus,Juncaceae
Juncus biglumis,Juncaceae
Juncus bufonius,Juncaceae
Juncus bulbosus,Juncaceae
Juncus capitatus,Juncaceae
Juncus castaneus,Juncaceae
Juncus compressus,Juncaceae
Juncus conglomeratus,Juncaceae
Juncus effusus,Juncaceae
Juncus filiformis,Juncaceae
Juncus foliosus,Juncaceae
Juncus gerardii,Juncaceae
Juncus inflexus,Juncaceae
Juncus maritimus,Juncaceae
Juncus pygmaeus,Juncaceae
Juncus ranarius,Juncaceae
Juncus squarrosus,Juncaceae
Juncus subnodulosus,Juncaceae
Juncus trifidus,Juncaceae
Juncus triglumis,Juncaceae
Luzula arcuata,Juncaceae
Luzula campestris,Juncaceae
Luzula forsteri,Juncaceae
Luzula multiflora,Juncaceae
Luzula pallescens,Juncaceae
Luzula pallidula,Juncaceae
Luzula pilosa,Juncaceae
Luzula spicata,Juncaceae
Luzula sylvatica,Juncaceae
Blysmus compressus,Cyperaceae
Blysmus rufus,Cyperaceae
Bolboschoenus laticarpus,Cyperaceae
Bolboschoenus maritimus,Cyperaceae
Carex acuta,Cyperaceae
Carex acutiformis,Cyperaceae
Carex appropinquata,Cyperaceae
Carex aquatilis,Cyperaceae
Carex arenaria,Cyperaceae
Carex atrata,Cyperaceae
Carex atrofusca,Cyperaceae
Carex bigelowii,Cyperaceae
Carex binervis,Cyperaceae
Carex buxbaumii,Cyperaceae
Carex canescens,Cyperaceae
Carex capillaris,Cyperaceae
Carex caryophyllea,Cyperaceae
Carex cespitosa,Cyperaceae
Carex chordorrhiza,Cyperaceae
Carex davalliana,Cyperaceae
Carex demissa,Cyperaceae
Carex depauperata,Cyperaceae
Carex diandra,Cyperaceae
Carex digitata,Cyperaceae
Carex dioica,Cyperaceae
Carex distans,Cyperaceae
Carex disticha,Cyperaceae
Carex divisa,Cyperaceae
Carex echinata,Cyperaceae
Carex elata,Cyperaceae
Carex elongata,Cyperaceae
Carex ericetorum,Cyperaceae
Carex extensa,Cyperaceae
Carex filiformis,Cyperaceae
Carex flacca,Cyperaceae
Carex flava,Cyperaceae
Carex hirta,Cyperaceae
Carex hostiana,Cyperaceae
Carex humilis,Cyperaceae
Carex lachenalii,Cyperaceae
Carex laevigata,Cyperaceae
Carex lasiocarpa,Cyperaceae
Carex lepidocarpa,Cyperaceae
Carex leporina,Cyperaceae
Carex limosa,Cyperaceae
Carex magellanica,Cyperaceae
Carex maritima,Cyperaceae
Carex microglochin,Cyperaceae
Carex montana,Cyperaceae
Carex nigra,Cyperaceae
Carex norvegica,Cyperaceae
Carex ornithopoda,Cyperaceae
Carex otrubae,Cyperaceae
Carex pallescens,Cyperaceae
Carex panicea,Cyperaceae
Carex paniculata,Cyperaceae
Carex pauciflora,Cyperaceae
Carex pendula,Cyperaceae
Carex pilulifera,Cyperaceae
Carex pseudocyperus,Cyperaceae
Carex pulicaris,Cyperaceae
Carex punctata,Cyperaceae
Carex rariflora,Cyperaceae
Carex recta,Cyperaceae
Carex remota,Cyperaceae
Carex riparia,Cyperaceae
Carex rostrata,Cyperaceae
Carex rupestris,Cyperaceae
Carex salina,Cyperaceae
Carex saxatilis,Cyperaceae
Carex simpliciusulca,Cyperaceae
Carex spicata,Cyperaceae
Carex strigosa,Cyperaceae
Carex sylvatica,Cyperaceae
Carex trinervis,Cyperaceae
Carex vaginata,Cyperaceae
Carex vesicaria,Cyperaceae
Carex viridula,Cyperaceae
Carex vulpina,Cyperaceae
Cladium mariscus,Cyperaceae
Cyperus fuscus,Cyperaceae
Cyperus longus,Cyperaceae
Eleocharis acicularis,Cyperaceae
Eleocharis mamillata,Cyperaceae
Eleocharis multicaulis,Cyperaceae
Eleocharis palustris,Cyperaceae
Eleocharis parvula,Cyperaceae
Eleocharis quinqueflora,Cyperaceae
Eleocharis uniglumis,Cyperaceae
Eleogiton fluitans,Cyperaceae
Eriophorum angustifolium,Cyperaceae
Eriophorum gracile,Cyperaceae
Eriophorum latifolium,Cyperaceae
Eriophorum vaginatum,Cyperaceae
Isolepis cernua,Cyperaceae
Isolepis setacea,Cyperaceae
Rhynchospora alba,Cyperaceae
Rhynchospora fusca,Cyperaceae
Schoenoplectus lacustris,Cyperaceae
Schoenoplectus tabernaemontani,Cyperaceae
Schoenoplectus triqueter,Cyperaceae
Schoenus ferrugineus,Cyperaceae
Schoenus nigricans,Cyperaceae
Scirpoides holoschoenus,Cyperaceae
Scirpus sylvaticus,Cyperaceae
Trichophorum alpinum,Cyperaceae
Trichophorum cespitosum,Cyperaceae
Trichophorum germanicum,Cyperaceae
Agrostis canina,Poaceae
Agrostis capillaris,Poaceae
Agrostis curtisii,Poaceae
Agrostis gigantea,Poaceae
Agrostis stolonifera,Poaceae
Agrostis vinealis,Poaceae
Aira caryophyllea,Poaceae
Aira praecox,Poaceae
Alopecurus aequalis,Poaceae
Alopecurus bulbosus,Poaceae
Alopecurus geniculatus,Poaceae
Alopecurus magellanicus,Poaceae
Alopecurus myosuroides,Poaceae
Alopecurus pratensis,Poaceae
Ammophila arenaria,Poaceae
Anisantha diandra,Poaceae
Anisantha sterilis,Poaceae
Anthoxanthum odoratum,Poaceae
Apera spica-venti,Poaceae
Aristavena setacea,Poaceae
Arrhenatherum elatius,Poaceae
Avena fatua,Poaceae
Avena sativa,Poaceae
Avena strigosa,Poaceae
Avenella flexuosa,Poaceae
Avenula pubescens,Poaceae
Brachypodium pinnatum,Poaceae
Brachypodium rupestre,Poaceae
Brachypodium sylvaticum,Poaceae
Briza media,Poaceae
Briza minor,Poaceae
Bromopsis benekenii,Poaceae
Bromopsis erecta,Poaceae
Bromopsis ramosa,Poaceae
Bromus hordeaceus,Poaceae
Bromus interruptus,Poaceae
Bromus racemosus,Poaceae
Bromus secalinus,Poaceae
Calamagrostis canescens,Poaceae
Calamagrostis epigejos,Poaceae
Calamagrostis purpurea,Poaceae
Calamagrostis scotica,Poaceae
Calamagrostis stricta,Poaceae
Catabrosa aquatica,Poaceae
Catapodium marinum,Poaceae
Catapodium rigidum,Poaceae
Cortaderia selloana,Poaceae
Corynephorus canescens,Poaceae
Cynodon dactylon,Poaceae
Cynosurus cristatus,Poaceae
Dactylis glomerata,Poaceae
Danthonia decumbens,Poaceae
Deschampsia cespitosa,Poaceae
Drymochloa sylvatica,Poaceae
Elymus athericus,Poaceae
Elymus caninus,Poaceae
Elymus junceiformis,Poaceae
Elymus repens,Poaceae
Festuca arenaria,Poaceae
Festuca armoricana,Poaceae
Festuca filiformis,Poaceae
Festuca huonii,Poaceae
Festuca lemanii,Poaceae
Festuca longifolia,Poaceae
Festuca ovina,Poaceae
Festuca rubra,Poaceae
Festuca vivipara,Poaceae
Gastridium ventricosum,Poaceae
Gaudinia fragilis,Poaceae
Glyceria declinata,Poaceae
Glyceria fluitans,Poaceae
Glyceria maxima,Poaceae
Glyceria notata,Poaceae
Helictochloa pratensis,Poaceae
Helictotrichon pratense,Poaceae
Helictotrichon pubescens,Poaceae
Hierochloe odorata,Poaceae
Holcus lanatus,Poaceae
Holcus mollis,Poaceae
Hordelymus europaeus,Poaceae
Hordeum marinum,Poaceae
Hordeum murinum,Poaceae
Hordeum secalinum,Poaceae
Koeleria macrantha,Poaceae
Koeleria vallesiana,Poaceae
Leersia oryzoides,Poaceae
Leymus arenarius,Poaceae
Lolium perenne,Poaceae
Lolium temulentum,Poaceae
Melica nutans,Poaceae
Melica uniflora,Poaceae
Mibora minima,Poaceae
Milium effusum,Poaceae
Milium vernale,Poaceae
Molinia caerulea,Poaceae
Nardus stricta,Poaceae
Parapholis incurva,Poaceae
Parapholis strigosa,Poaceae
Phalaris arundinacea,Poaceae
Phleum alpinum,Poaceae
Phleum arenarium,Poaceae
Phleum bertolonii,Poaceae
Phleum phleoides,Poaceae
Phleum pratense,Poaceae
Phragmites australis,Poaceae
Poa alpina,Poaceae
Poa angustifolia,Poaceae
Poa annua,Poaceae
Poa bulbosa,Poaceae
Poa compressa,Poaceae
Poa flexuosa,Poaceae
Poa glauca,Poaceae
Poa humilis,Poaceae
Poa infirma,Poaceae
Poa nemoralis,Poaceae
Poa pratensis,Poaceae
Poa trivialis,Poaceae
Polypogon monspeliensis,Poaceae
Pseudosasa japonica,Poaceae
Puccinellia distans,Poaceae
Puccinellia fasciculata,Poaceae
Puccinellia maritima,Poaceae
Puccinellia rupestris,Poaceae
Sasa palmata,Poaceae
Sasaella ramosa,Poaceae
Schedonorus arundinaceus,Poaceae
Schedonorus giganteus,Poaceae
Schedonorus pratensis,Poaceae
Sesleria caerulea,Poaceae
Shedonorus arundinaceus,Poaceae
Shedonorus giganteus,Poaceae
Shedonorus pratensis,Poaceae
Spartina anglica,Poaceae
Spartina anglica,Poaceae
Spartina maritima,Poaceae
Trisetum flavescens,Poaceae
Vulpia bromoides,Poaceae
Vulpia ciliata,Poaceae
Vulpia fasciculata,Poaceae
Vulpia myuros,Poaceae
Vulpia unilateralis,Poaceae
,
